Model,Train_RMSE,Train_R2,Train_MAE,Val_RMSE,Val_R2,Val_MAE
LinearRegression,1.222357111285093,0.5290154765766935,0.7600995724745834,1.2699201816610264,0.5265517823761151,0.7785612850716657
KRR,0.369839415858483,0.9568841632891971,0.21732705934739233,0.38049270553986153,0.9574977123401099,0.22390653136230065
GBR,0.1407057958800494,0.9937592842262515,0.09628462189344557,0.25736866062497,0.9805539695882318,0.12866673254331995
LightGBM,0.3746794444141658,0.9557482790925986,0.22385585692512008,0.4210267009715421,0.9479598051539551,0.232227219310676
KNN,0.11837651828135258,0.9955828560364471,0.04918220981527433,0.3102293272695341,0.9717456488785647,0.15519755555144618
