Model,Train_RMSE,Train_R2,Train_MAE,Val_RMSE,Val_R2,Val_MAE
LinearRegression,0.015428253916607916,0.8391381127096702,0.00819606619060901,0.014170980893298215,0.8623102607957651,0.007946791130237283
KRR,0.008207256983683096,0.9544785939047982,0.0033373056693948248,0.009013437464050606,0.9442964784144511,0.0034108952651574764
GBR,0.002014573137649145,0.9972572534239477,0.0007124674480874086,0.004245646616765897,0.9876408262231412,0.0011969029912668495
LightGBM,0.006183797662263847,0.97415776059239,0.0025376593589064743,0.006839887144846807,0.9679225656654504,0.002673601793253056
KNN,0.0057678778703511135,0.9775171317212356,0.001080472842569618,0.007827856816514881,0.957986631946711,0.00155004135649297
